Title,NewPrice,Discount,OldPrice,CreationDate
Ori and the Will of the Wisps,"21,59 zł",-80%,"107,99 zł",2023-03-10 18:32 UTC
Subnautica,"35,63 zł",-67%,"107,99 zł",2023-03-09 18:48 UTC
INSIDE,"7,19 zł",-90%,"71,99 zł",2023-03-09 18:38 UTC
Deep Rock Galactic,"35,63 zł",-67%,"107,99 zł",2023-03-02 18:57 UTC
Vampyr,"25,99 zł",-80%,"129,99 zł",2023-03-06 18:37 UTC
Wolcen: Lords of Mayhem,"35,74 zł",-75%,"142,99 zł",2023-03-06 18:37 UTC
Grand Theft Auto IV: The Complete Edition,"25,47 zł",-70%,"84,90 zł",2023-03-04 20:36 UTC
Bright Memory,"17,39 zł",-40%,"28,99 zł",2023-03-09 18:53 UTC
SENRAN KAGURA ESTIVAL VERSUS,"32,39 zł",-70%,"107,99 zł",2023-03-06 18:34 UTC
Sherlock Holmes Chapter One,"69,65 zł",-65%,"199,00 zł",2023-02-27 18:41 UTC
Bridge Constructor Portal,"4,31 zł",-88%,"35,99 zł",2023-03-12 17:41 UTC
Call of Duty: Vanguard,"144,50 zł",-50%,"289,00 zł",2023-03-08 17:03 UTC
STORY OF SEASONS: Friends of Mineral Town,"71,99 zł",-60%,"179,99 zł",2023-03-06 18:45 UTC
Vigil: The Longest Night,"39,49 zł",-50%,"78,99 zł",2023-03-06 18:43 UTC
SUPERHOT,"8,99 zł",-70%,"29,99 zł",2023-03-04 17:36 UTC
Rune Factory 5,"89,99 zł",-50%,"179,99 zł",2023-03-06 18:39 UTC
Tails of Iron,"39,99 zł",-60%,"99,99 zł",2023-03-06 18:37 UTC
Sakuna: Of Rice and Ruin,"83,85 zł",-35%,"129,00 zł",2023-03-06 18:35 UTC
Battlefleet Gothic: Armada 2,"17,99 zł",-70%,"59,99 zł",2023-03-06 18:47 UTC
A Plague Tale: Requiem,"110,49 zł",-35%,"169,99 zł",2023-03-09 18:55 UTC
Bright Memory: Infinite,"53,99 zł",-25%,"71,99 zł",2023-03-09 18:55 UTC
Momodora: Reverie Under The Moonlight,"14,39 zł",-60%,"35,99 zł",2023-03-09 18:41 UTC
SENRAN KAGURA SHINOVI VERSUS,"28,79 zł",-60%,"71,99 zł",2023-03-06 18:42 UTC
La-Mulana 2,"44,99 zł",-50%,"89,99 zł",2023-03-09 18:52 UTC
Moonlighter,"10,49 zł",-85%,"69,99 zł",2023-03-09 18:39 UTC
The Wandering Village,"71,99 zł",-20%,"89,99 zł",2023-03-08 18:50 UTC
Ultimate Chicken Horse,"24,29 zł",-55%,"53,99 zł",2023-03-06 18:37 UTC
Ys Origin,"17,99 zł",-75%,"71,99 zł",2023-03-06 18:34 UTC
Loot River,"38,99 zł",-35%,"59,99 zł",2023-03-04 17:44 UTC
Kingdoms and Castles,"35,63 zł",-34%,"53,99 zł",2023-03-07 18:39 UTC
BLACKTAIL,"79,19 zł",-34%,"119,99 zł",2023-03-06 18:38 UTC
Library Of Ruina,"36,71 zł",-66%,"107,99 zł",2023-03-06 18:37 UTC
Grand Theft Auto: The Trilogy - The Definitive Edition,"134,50 zł",-50%,"269,00 zł",2023-03-04 20:49 UTC
Subnautica Sub-Sonic Edition,"42,75 zł",-70%,"143,98 zł",2023-03-09 19:06 UTC
Record of Lodoss War-Deedlit in Wonder Labyrinth-,"53,99 zł",-25%,"71,99 zł",2023-03-09 18:42 UTC
No More Heroes,"55,30 zł",-30%,"79,00 zł",2023-03-06 18:48 UTC
SENRAN KAGURA Peach Beach Splash,"32,39 zł",-70%,"107,99 zł",2023-03-06 18:43 UTC
The Surge,"9,99 zł",-80%,"49,99 zł",2023-03-06 18:42 UTC
Steelrising,"89,99 zł",-50%,"179,99 zł",2023-03-01 18:42 UTC
Sun Haven,"71,99 zł",-20%,"89,99 zł",2023-03-11 00:44 UTC
House of the Dying Sun,"21,59 zł",-70%,"71,99 zł",2023-03-08 18:38 UTC
Ys: Memories of Celceta,"53,99 zł",-40%,"89,99 zł",2023-03-06 18:47 UTC
No More Heroes 3,"89,99 zł",-50%,"179,99 zł",2023-03-06 18:39 UTC
Resident Evil 3,"44,75 zł",-75%,"179,00 zł",2023-03-03 18:49 UTC
PixARK,"35,74 zł",-75%,"142,99 zł",2023-03-06 18:47 UTC
Exo One,"36,59 zł",-40%,"60,99 zł",2023-03-06 18:44 UTC
Ys: The Oath in Felghana,"16,19 zł",-70%,"53,99 zł",2023-03-06 18:34 UTC
Capcom Fighting Collection,"89,50 zł",-50%,"179,00 zł",2023-03-03 18:42 UTC
ICEY,,,,2023-03-10 18:35 UTC
TASOMACHI: Behind the Twilight,,,,2023-03-09 18:36 UTC
SENRAN KAGURA Burst Re:Newal,,-50%,"39,99 zł",2023-03-06 18:44 UTC
Ys VI: The Ark of Napishtim,"19,99 zł",-50%,"71,99 zł",2023-03-06 18:42 UTC
Rune Factory 4 Special,"35,99 zł",-70%,"107,99 zł",2023-03-06 18:38 UTC
Seasons after Fall,"32,39 zł",-75%,"71,99 zł",2023-03-06 18:37 UTC
Battlefleet Gothic: Armada,"17,99 zł",-35%,"119,90 zł",2023-03-06 18:37 UTC
Ys I & II Chronicles+,"77,93 zł",-80%,"31,90 zł",2023-03-06 18:36 UTC
Resident Evil 2,"6,38 zł",-80%,"49,99 zł",2023-03-03 18:48 UTC
Hatsune Miku: Project DIVA Mega Mix+,"9,99 zł",-70%,"53,99 zł",2023-03-08 17:37 UTC
Halo Infinite (Campaign),"16,19 zł",-75%,"169,00 zł",2023-03-07 18:36 UTC
Dead by Daylight,"42,25 zł",-44%,"149,00 zł",2023-03-07 15:37 UTC
No More Heroes 2: Desperate Struggle,"81,95 zł",-50%,"249,90 zł",2023-03-06 18:48 UTC
Devil May Cry 4 Special Edition,"124,95 zł",-60%,"71,99 zł",2023-03-03 18:38 UTC
Devil May Cry 5,"28,79 zł",-30%,"79,00 zł",2023-03-03 18:37 UTC
Need for Speed Unbound,"55,30 zł",-70%,"104,00 zł",2023-03-09 17:39 UTC
DNF Duel,"31,20 zł",-67%,"120,00 zł",2023-03-08 18:39 UTC
Potionomics,"39,60 zł",-50%,"299,90 zł",2023-03-06 18:46 UTC
Submerged,"149,95 zł",-50%,"219,99 zł",2023-03-06 18:34 UTC
Void Destroyer 2,"109,99 zł",-15%,"89,99 zł",2023-03-11 12:32 UTC
Mr. Prepper - Anniversary Edition,"76,49 zł",-90%,"71,99 zł",2023-03-10 18:15 UTC
Hardspace: Shipbreaker,"7,19 zł",-70%,"20,00 zł",2023-03-09 18:55 UTC
Total War: WARHAMMER III,"6,00 zł",-43%,"145,17 zł",2023-03-09 18:54 UTC
The Silver Case,"81,87 zł",-35%,"119,99 zł",2023-03-09 18:50 UTC
Mighty Goose,"77,99 zł",-33%,"219,99 zł",2023-03-09 18:42 UTC
Necromunda: Underhive Wars,"147,39 zł",-60%,"71,99 zł",2023-03-06 18:47 UTC
The Forgotten City,"28,79 zł",-50%,"71,99 zł",2023-03-06 18:44 UTC
Detroit: Become Human,"35,99 zł",-75%,"59,99 zł",2023-03-06 18:37 UTC
Red Dead Redemption 2,"14,99 zł",-45%,"114,99 zł",2023-03-04 20:44 UTC
Mega Man 11,"63,24 zł",-50%,"139,00 zł",2023-03-03 18:52 UTC
Phoenix Wright: Ace Attorney Trilogy,"69,50 zł",-67%,"249,90 zł",2023-03-03 18:47 UTC
Streets of Rage 4,"82,46 zł",-67%,"124,00 zł",2023-03-10 15:43 UTC
SINNER: Sacrifice for Redemption,"40,92 zł",-50%,"124,00 zł",2023-03-06 18:43 UTC
The Technomancer,"62,00 zł",-50%,"114,99 zł",2023-03-06 18:42 UTC
Sheltered 2,"57,49 zł",-80%,"68,99 zł",2023-03-06 18:38 UTC
STORY OF SEASONS: Pioneers of Olive Town,"13,79 zł",-80%,"31,99 zł",2023-03-06 18:36 UTC
DuckTales: Remastered,"6,39 zł",-75%,"71,99 zł",2023-03-03 18:44 UTC
Corpse Party,"17,99 zł",-50%,"169,00 zł",2023-03-06 18:41 UTC
MONSTER HUNTER RISE,"84,50 zł",-75%,"57,99 zł",2023-03-03 18:53 UTC
Monster Hunter: World,"14,49 zł",-40%,"53,99 zł",2023-03-03 18:51 UTC
The Riftbreaker,"32,39 zł",-50%,"179,00 zł",2023-03-01 18:50 UTC
Escape Simulator,"89,50 zł",-50%,"125,00 zł",2023-03-08 17:42 UTC
Wolcen: Lords of Mayhem + Original Soundtrack,"62,50 zł",-35%,"99,00 zł",2023-03-06 18:52 UTC
Tick Tock: A Tale for Two,"64,35 zł",-25%,"67,99 zł",2023-03-06 18:44 UTC
AKIBA'S TRIP: Undead ＆ Undressed,"50,99 zł",-77%,"186,98 zł",2023-03-06 18:42 UTC
Project Warlock II,"42,06 zł",-50%,"21,99 zł",2023-03-06 18:39 UTC
Sniper Ghost Warrior Contracts 2,"10,99 zł",-50%,"71,99 zł",2023-03-06 18:35 UTC
Hell Architect,"35,99 zł",-20%,"59,99 zł",2023-03-06 18:33 UTC
Mega Man Zero/ZX Legacy Collection,"47,99 zł",-50%,"99,99 zł",2022-09-07 00:00 UTC
Ghosts 'n Goblins Resurrection,"49,99 zł",-70%,"89,99 zł",2023-03-03 18:49 UTC
Sherlock Holmes: Crimes and Punishments,"26,99 zł",,,2023-03-03 18:37 UTC
