Title,NewPrice,Discount,OldPrice,CreationDate
Subnautica,"35,63 zł",-67%,"107,99 zł",2023-03-09 18:48 UTC
Deep Rock Galactic,"35,63 zł",-67%,"107,99 zł",2023-03-02 18:57 UTC
INSIDE,"7,19 zł",-90%,"71,99 zł",2023-03-09 18:38 UTC
Vampyr,"25,99 zł",-80%,"129,99 zł",2023-03-06 18:37 UTC
Wolcen: Lords of Mayhem,"35,74 zł",-75%,"142,99 zł",2023-03-06 18:37 UTC
Grand Theft Auto IV: The Complete Edition,"25,47 zł",-70%,"84,90 zł",2023-03-04 20:36 UTC
Bright Memory,"17,39 zł",-40%,"28,99 zł",2023-03-09 18:53 UTC
SENRAN KAGURA ESTIVAL VERSUS,"32,39 zł",-70%,"107,99 zł",2023-03-06 18:34 UTC
Sherlock Holmes Chapter One,"69,65 zł",-65%,"199,00 zł",2023-02-27 18:41 UTC
Call of Duty: Vanguard,"144,50 zł",-50%,"289,00 zł",2023-03-08 17:03 UTC
STORY OF SEASONS: Friends of Mineral Town,"71,99 zł",-60%,"179,99 zł",2023-03-06 18:45 UTC
Vigil: The Longest Night,"39,49 zł",-50%,"78,99 zł",2023-03-06 18:43 UTC
SUPERHOT,"8,99 zł",-70%,"29,99 zł",2023-03-04 17:36 UTC
Rune Factory 5,"89,99 zł",-50%,"179,99 zł",2023-03-06 18:39 UTC
Tails of Iron,"39,99 zł",-60%,"99,99 zł",2023-03-06 18:37 UTC
Sakuna: Of Rice and Ruin,"83,85 zł",-35%,"129,00 zł",2023-03-06 18:35 UTC
Urtuk: The Desolation,"28,79 zł",-60%,"71,99 zł",2023-03-03 18:50 UTC
Need for Speed Unbound,"149,95 zł",-50%,"299,90 zł",2023-03-09 17:39 UTC
Battlefleet Gothic: Armada 2,"17,99 zł",-70%,"59,99 zł",2023-03-06 18:47 UTC
A Plague Tale: Requiem,"110,49 zł",-35%,"169,99 zł",2023-03-09 18:55 UTC
Bright Memory: Infinite,"53,99 zł",-25%,"71,99 zł",2023-03-09 18:55 UTC
Momodora: Reverie Under The Moonlight,"14,39 zł",-60%,"35,99 zł",2023-03-09 18:41 UTC
SENRAN KAGURA SHINOVI VERSUS,"28,79 zł",-60%,"71,99 zł",2023-03-06 18:42 UTC
La-Mulana 2,"44,99 zł",-50%,"89,99 zł",2023-03-09 18:52 UTC
Moonlighter,"10,49 zł",-85%,"69,99 zł",2023-03-09 18:39 UTC
The Wandering Village,"71,99 zł",-20%,"89,99 zł",2023-03-08 18:50 UTC
Library Of Ruina,"36,71 zł",-66%,"107,99 zł",2023-03-06 18:37 UTC
Ultimate Chicken Horse,"24,29 zł",-55%,"53,99 zł",2023-03-06 18:37 UTC
Ys Origin,"17,99 zł",-75%,"71,99 zł",2023-03-06 18:34 UTC
Temtem,"129,59 zł",-20%,"161,99 zł",2023-03-05 18:48 UTC
Loot River,"38,99 zł",-35%,"59,99 zł",2023-03-04 17:44 UTC
Kingdoms and Castles,"35,63 zł",-34%,"53,99 zł",2023-03-07 18:39 UTC
Grand Theft Auto: The Trilogy - The Definitive Edition,"134,50 zł",-50%,"269,00 zł",2023-03-04 20:49 UTC
Subnautica Sub-Sonic Edition,"42,75 zł",-70%,"143,98 zł",2023-03-09 19:06 UTC
Record of Lodoss War-Deedlit in Wonder Labyrinth-,"53,99 zł",-25%,"71,99 zł",2023-03-09 18:42 UTC
No More Heroes,"55,30 zł",-30%,"79,00 zł",2023-03-06 18:48 UTC
SENRAN KAGURA Peach Beach Splash,"32,39 zł",-70%,"107,99 zł",2023-03-06 18:43 UTC
The Surge,"9,99 zł",-80%,"49,99 zł",2023-03-06 18:42 UTC
BLACKTAIL,"79,19 zł",-34%,"119,99 zł",2023-03-06 18:38 UTC
Steelrising,"89,99 zł",-50%,"179,99 zł",2023-03-01 18:42 UTC
House of the Dying Sun,"21,59 zł",-70%,"71,99 zł",2023-03-08 18:38 UTC
Ys: Memories of Celceta,"53,99 zł",-40%,"89,99 zł",2023-03-06 18:47 UTC
No More Heroes 3,"89,99 zł",-50%,"179,99 zł",2023-03-06 18:39 UTC
Resident Evil 3,"44,75 zł",-75%,"179,00 zł",2023-03-03 18:49 UTC
PixARK,"35,74 zł",-75%,"142,99 zł",2023-03-06 18:47 UTC
Exo One,"36,59 zł",-40%,"60,99 zł",2023-03-06 18:44 UTC
Ys: The Oath in Felghana,"16,19 zł",-70%,"53,99 zł",2023-03-06 18:34 UTC
Capcom Fighting Collection,"89,50 zł",-50%,"179,00 zł",2023-03-03 18:42 UTC
TASOMACHI: Behind the Twilight,"35,99 zł",-50%,"71,99 zł",2018-12-27 16:00 UTC
SENRAN KAGURA Burst Re:Newal,"32,39 zł",-70%,"107,99 zł",2023-03-09 18:36 UTC
Ys VI: The Ark of Napishtim,"17,99 zł",-75%,"71,99 zł",2023-03-06 18:44 UTC
Seasons after Fall,"6,38 zł",-80%,"31,90 zł",2023-03-06 18:42 UTC
Battlefleet Gothic: Armada,"9,99 zł",-80%,"49,99 zł",2023-03-06 18:37 UTC
Ys I & II Chronicles+,"16,19 zł",-70%,"53,99 zł",2023-03-06 18:37 UTC
Resident Evil 2,"42,25 zł",-75%,"169,00 zł",2023-03-06 18:36 UTC
Starbase,"42,49 zł",-66%,"124,99 zł",2023-03-03 18:48 UTC
Hatsune Miku: Project DIVA Mega Mix+,"81,95 zł",-44%,"149,00 zł",2023-02-25 18:38 UTC
Halo Infinite (Campaign),"124,95 zł",-50%,"249,90 zł",2023-03-08 17:37 UTC
Dead by Daylight,"28,79 zł",-60%,"71,99 zł",2023-03-07 18:36 UTC
Rune Factory 4 Special,"77,93 zł",-35%,"119,90 zł",2023-03-07 15:37 UTC
Devil May Cry 4 Special Edition,"31,20 zł",-70%,"104,00 zł",2023-03-06 18:38 UTC
Devil May Cry 5,"39,60 zł",-67%,"120,00 zł",2023-03-03 18:38 UTC
DNF Duel,"109,99 zł",-50%,"219,99 zł",2023-03-03 18:37 UTC
No More Heroes 2: Desperate Struggle,"55,30 zł",-30%,"79,00 zł",2023-03-08 18:39 UTC
Potionomics,"76,49 zł",-15%,"89,99 zł",2023-03-06 18:48 UTC
Submerged,"7,19 zł",-90%,"71,99 zł",2023-03-06 18:46 UTC
Hardspace: Shipbreaker,"77,99 zł",-35%,"119,99 zł",2023-03-06 18:34 UTC
Total War: WARHAMMER III,"147,39 zł",-33%,"219,99 zł",2023-03-09 18:55 UTC
The Silver Case,"28,79 zł",-60%,"71,99 zł",2023-03-09 18:54 UTC
Mighty Goose,"35,99 zł",-50%,"71,99 zł",2023-03-09 18:50 UTC
Battle Cry of Freedom,"6,99 zł",-80%,"34,99 zł",2023-03-09 18:42 UTC
Chrono Ark,"43,19 zł",-40%,"71,99 zł",2023-03-09 15:37 UTC
Necromunda: Underhive Wars,"14,99 zł",-75%,"59,99 zł",2023-03-08 18:51 UTC
The Forgotten City,"63,24 zł",-45%,"114,99 zł",2023-03-06 18:47 UTC
Detroit: Become Human,"69,50 zł",-50%,"139,00 zł",2023-03-06 18:44 UTC
Red Dead Redemption 2,"82,46 zł",-67%,"249,90 zł",2023-03-06 18:37 UTC
Mega Man 11,"40,92 zł",-67%,"124,00 zł",2023-03-04 20:44 UTC
Phoenix Wright: Ace Attorney Trilogy,"62,00 zł",-50%,"124,00 zł",2023-03-03 18:52 UTC
Streets of Rage 4,"57,49 zł",-50%,"114,99 zł",2023-03-03 18:47 UTC
SINNER: Sacrifice for Redemption,"13,79 zł",-80%,"68,99 zł",2023-03-10 15:43 UTC
The Technomancer,"6,39 zł",-80%,"31,99 zł",2023-03-06 18:43 UTC
Sheltered 2,"17,99 zł",-75%,"71,99 zł",2023-03-06 18:42 UTC
STORY OF SEASONS: Pioneers of Olive Town,"84,50 zł",-50%,"169,00 zł",2023-03-06 18:38 UTC
DuckTales: Remastered,"14,49 zł",-75%,"57,99 zł",2023-03-06 18:36 UTC
Samurai Bringer,"25,19 zł",-30%,"35,99 zł",2023-03-03 18:44 UTC
Corpse Party,"32,39 zł",-40%,"53,99 zł",2023-03-09 18:55 UTC
MONSTER HUNTER RISE,"89,50 zł",-50%,"179,00 zł",2023-03-06 18:41 UTC
Monster Hunter: World,"62,50 zł",-50%,"125,00 zł",2023-03-03 18:53 UTC
Ghosts 'n Goblins Resurrection,"62,45 zł",-50%,"124,90 zł",2023-03-03 18:51 UTC
The Riftbreaker,"64,35 zł",-35%,"99,00 zł",2023-03-03 18:37 UTC
Escape Simulator,"50,99 zł",-25%,"67,99 zł",2023-03-01 18:50 UTC
Baldo: The Guardian Owls,"62,99 zł",-30%,"89,99 zł",2023-03-08 17:42 UTC
Wolcen: Lords of Mayhem + Original Soundtrack,"42,06 zł",-77%,"186,98 zł",2023-03-08 06:39 UTC
Tick Tock: A Tale for Two,"10,99 zł",-50%,"21,99 zł",2023-03-06 18:52 UTC
AKIBA'S TRIP: Undead ＆ Undressed,"35,99 zł",-50%,"71,99 zł",2023-03-06 18:44 UTC
Project Warlock II,"47,99 zł",-20%,"59,99 zł",2023-03-06 18:42 UTC
Sniper Ghost Warrior Contracts 2,"49,99 zł",-50%,"99,99 zł",2023-03-06 18:39 UTC
Hell Architect,"26,99 zł",-70%,"89,99 zł",2023-03-06 18:35 UTC
Sherlock Holmes: Crimes and Punishments,"25,80 zł",-80%,"129,00 zł",2023-03-06 18:33 UTC
